,infested_lakes,budget,NG,first_PNE,best_PNE,OSW,,,
aitkin,3,12,23746,24956,24982,29013,TRUE,TRUE,TRUE
anoka,10,6,11292,12466,12495,15723,TRUE,TRUE,TRUE
becker,10,15,24219,26489,26497,31712,TRUE,TRUE,TRUE
beltrami,10,8,18720,20049,20061,23756,TRUE,TRUE,TRUE
benton,0,1,1571,1688,1688,1779,TRUE,TRUE,TRUE
big stone,0,3,4555,4827,4827,5664,TRUE,TRUE,TRUE
blue earth,3,5,4712,4924,4932,5439,TRUE,TRUE,TRUE
brown,0,2,2338,2436,2436,2805,TRUE,TRUE,TRUE
carlton,3,3,5393,5808,5813,6910,TRUE,TRUE,TRUE
carver,27,6,6664,7306,7331,8211,TRUE,TRUE,TRUE
cass,11,21,40151,42450,42500,48926,TRUE,TRUE,TRUE
chippewa,0,1,60,60,60,60,TRUE,TRUE,TRUE
chisago,11,6,5463,5923,5930,6827,TRUE,TRUE,TRUE
clay,0,1,2075,2481,2485,2893,TRUE,TRUE,TRUE
clearwater,1,4,8484,9210,9235,10484,TRUE,TRUE,TRUE
cook,15,9,28157,29949,30031,34442,TRUE,TRUE,TRUE
cottonwood,0,2,2713,2824,2824,3212,TRUE,TRUE,TRUE
crow wing,39,31,38044,39727,39789,46254,TRUE,TRUE,TRUE
dakota,19,5,6958,7400,7406,8664,TRUE,TRUE,TRUE
dodge,0,0,7,7,7,7,TRUE,TRUE,TRUE
douglas,27,11,16827,18127,18136,22158,TRUE,TRUE,TRUE
faribault,0,1,251,251,251,251,TRUE,TRUE,TRUE
freeborn,0,2,1172,1172,1172,1172,TRUE,TRUE,TRUE
goodhue,2,3,770,845,845,879,TRUE,TRUE,TRUE
grant,3,2,6635,7389,7391,8817,TRUE,TRUE,TRUE
hennepin,44,13,21136,22442,22474,27024,TRUE,TRUE,TRUE
hubbard,2,11,22780,24426,24444,29543,TRUE,TRUE,TRUE
isanti,6,3,3635,3876,3884,4227,TRUE,TRUE,TRUE
itasca,11,28,51214,53588,53640,61367,TRUE,TRUE,TRUE
jackson,0,3,3061,3167,3171,3474,TRUE,TRUE,TRUE
kanabec,1,2,3697,3917,3927,4634,TRUE,TRUE,TRUE
kandiyohi,12,11,15551,16438,16450,18723,TRUE,TRUE,TRUE
kittson,0,1,254,254,254,254,TRUE,TRUE,TRUE
koochiching,0,5,2217,2278,2284,2314,TRUE,TRUE,TRUE
lac qui parle,1,2,1331,1376,1376,1405,TRUE,TRUE,TRUE
lake,5,8,30194,31584,31640,36702,TRUE,TRUE,TRUE
lake of the woods,1,2,1009,1009,1009,1009,TRUE,TRUE,TRUE
le sueur,5,6,6804,7135,7157,7929,TRUE,TRUE,TRUE
lincoln,0,3,4221,4292,4292,4501,TRUE,TRUE,TRUE
lyon,0,2,2752,2925,2939,3314,TRUE,TRUE,TRUE
mahnomen,1,1,4177,4424,4428,6012,TRUE,TRUE,TRUE
marshall,1,1,4585,5076,5078,6081,TRUE,TRUE,TRUE
martin,0,4,24,24,24,24,TRUE,TRUE,TRUE
mcleod,0,3,7194,7479,7503,8933,TRUE,TRUE,TRUE
meeker,10,10,8866,9423,9428,9964,TRUE,TRUE,TRUE
mille lacs,1,4,1778,1818,1818,1886,TRUE,TRUE,TRUE
morrison,4,5,5243,5460,5466,6184,TRUE,TRUE,TRUE
mower,0,1,43,43,43,48,TRUE,TRUE,TRUE
murray,0,4,3481,3576,3590,3906,TRUE,TRUE,TRUE
nicollet,0,3,32,32,32,32,TRUE,TRUE,TRUE
nobles,0,2,2328,2396,2396,2520,TRUE,TRUE,TRUE
norman,0,1,8,8,8,8,TRUE,TRUE,TRUE
olmsted,2,0,587,596,598,852,TRUE,TRUE,TRUE
otter tail,38,20,43479,47839,47863,58200,TRUE,TRUE,TRUE
pennington,0,1,22,22,22,22,TRUE,TRUE,TRUE
pine,4,5,6061,6313,6321,7088,TRUE,TRUE,TRUE
pipestone,0,0,38,73,73,78,TRUE,TRUE,TRUE
polk,1,3,5584,6031,6037,6906,TRUE,TRUE,TRUE
pope,7,4,10157,11020,11032,13728,TRUE,TRUE,TRUE
ramsey,22,4,6995,7726,7761,9372,TRUE,TRUE,TRUE
redwood,0,1,177,177,177,177,TRUE,TRUE,TRUE
renville,0,1,837,866,871,1056,TRUE,TRUE,TRUE
rice,7,4,4496,4839,4847,5076,TRUE,TRUE,TRUE
rock,0,0,0,0,0,0,TRUE,TRUE,TRUE
roseau,0,2,234,234,234,234,TRUE,TRUE,TRUE
saint louis,18,30,78691,81719,81770,91172,TRUE,TRUE,TRUE
scott,8,3,4983,5249,5253,6381,TRUE,TRUE,TRUE
sherburne,5,3,5077,5557,5564,6698,TRUE,TRUE,TRUE
sibley,0,3,2390,2388,2388,2429,FALSE,TRUE,TRUE
stearns,15,10,20200,21544,21554,26076,TRUE,TRUE,TRUE
steele,0,1,372,372,372,372,TRUE,TRUE,TRUE
stevens,1,1,2938,3340,3382,4142,TRUE,TRUE,TRUE
swift,0,1,1287,1461,1461,1778,TRUE,TRUE,TRUE
todd,8,7,9108,9832,9842,11661,TRUE,TRUE,TRUE
traverse,0,1,1427,1466,1466,1523,TRUE,TRUE,TRUE
wabasha,1,4,331,331,331,331,TRUE,TRUE,TRUE
wadena,0,2,1834,1950,1950,2289,TRUE,TRUE,TRUE
waseca,2,2,2940,3074,3080,3089,TRUE,TRUE,TRUE
washington,22,6,11252,11946,11968,15845,TRUE,TRUE,TRUE
watonwan,0,1,946,955,955,1114,TRUE,TRUE,TRUE
wilkin,1,0,94,102,102,128,TRUE,TRUE,TRUE
winona,4,4,1561,1579,1579,1444,TRUE,TRUE,FALSE
wright,41,10,22047,23782,23805,29464,TRUE,TRUE,TRUE
yellow medicine,0,2,829,858,858,938,TRUE,TRUE,TRUE
total,506,435,715566,760471,761395,887739,TRUE,TRUE,TRUE
